textbook_id,grade,subject,category,curriculum_relevance,filename,num_pages,file_size_mb,has_selectable_text,is_image_only,ocr_requirement,total_extracted_characters,avg_chars_per_page,relative_path
gseb_std10_10_black_buck_supplementry_reader_pdf_em,STD-10th,General / Elective,SUPPLEMENTARY_TEXTBOOK,MEDIUM,Std-10_Black-Buck_Supplementry_Reader.pdf,112,57.21,False,True,REQUIRED,365,3.3,STD-10th/Std-10_Black-Buck_Supplementry_Reader.pdf
gseb_std10_10_computerstudies_englishmedium_pdf_em,STD-10th,Computer Studies,CORE_TEXTBOOK,HIGH,Std-10_ComputerStudies_EnglishMedium.pdf,320,47.8,False,False,HYBRID_OPTIONAL,6933,21.7,STD-10th/Std-10_ComputerStudies_EnglishMedium.pdf
gseb_std10_10_english_second_language_pdf_em,STD-10th,Commerce & Economics,CORE_TEXTBOOK,HIGH,Std-10_English Second Language.pdf,154,93.94,False,True,REQUIRED,924,6.0,STD-10th/Std-10_English Second Language.pdf
gseb_std10_10_first_flight_englishmedium_pdf_em,STD-10th,English Literature & Language,CORE_TEXTBOOK,HIGH,Std-10_First Flight_EnglishMedium.pdf,154,14.42,True,False,NONE,211678,1374.5,STD-10th/Std-10_First Flight_EnglishMedium.pdf
gseb_std10_10_footprints_without_feet_em_pdf_em,STD-10th,English Literature & Language,UNKNOWN,LOW,Std-10_Footprints Without Feet_EM.pdf,86,14.6,True,False,NONE,95127,1106.1,STD-10th/Std-10_Footprints Without Feet_EM.pdf
gseb_std10_10_maths_englishmedium_pdf_em,STD-10th,Mathematics,CORE_TEXTBOOK,HIGH,Std-10_Maths_EnglishMedium.pdf,278,10.52,True,False,NONE,1088351,3914.9,STD-10th/Std-10_Maths_EnglishMedium.pdf
gseb_std10_10_sanskrut_englishmedium_pdf_em,STD-10th,English Literature & Language,CORE_TEXTBOOK,HIGH,Std-10_Sanskrut_EnglishMedium.pdf,130,75.38,False,True,REQUIRED,0,0.0,STD-10th/Std-10_Sanskrut_EnglishMedium.pdf
gseb_std10_10_science_english_medium_pdf_em,STD-10th,Science & Technology,CORE_TEXTBOOK,HIGH,Std-10_Science_English Medium.pdf,234,47.11,True,False,NONE,313450,1339.5,STD-10th/Std-10_Science_English Medium.pdf
gseb_std10_10_shrimadbhagwatgita_englishm_pdf_em,STD-10th,English Literature & Language,REFERENCE/OTHER,LOW,Std-10_ShrimadBhagwatGita_EnglishM.pdf,16,8.81,False,True,REQUIRED,0,0.0,STD-10th/Std-10_ShrimadBhagwatGita_EnglishM.pdf
gseb_std10_10_social_science_englishmedium_pdf_em,STD-10th,Science & Technology,CORE_TEXTBOOK,HIGH,Std-10_Social_Science_EnglishMedium.pdf,206,153.43,False,True,REQUIRED,686,3.3,STD-10th/Std-10_Social_Science_EnglishMedium.pdf
gseb_std10_10_word_and_expressions_2_eng_pdf_em,STD-10th,General / Elective,UNKNOWN,LOW,Std-10_Word and Expressions-2_Eng.pdf,156,15.04,True,False,NONE,212586,1362.7,STD-10th/Std-10_Word and Expressions-2_Eng.pdf
gseb_std10_10_yoga_health_and_physical_education_eng_m_pdf_em,STD-10th,General / Elective,REFERENCE/OTHER,LOW,"Std_10_Yoga, Health and Physical Education_Eng_M.pdf",114,76.88,False,True,REQUIRED,273,2.4,"STD-10th/Std_10_Yoga, Health and Physical Education_Eng_M.pdf"
gseb_std11_biology_pracital_reord_book_journal_pdf_em,STD-11th,Science & Technology,PRACTICAL/JOURNAL,LOW,BIOLOGY PRACITAL REORD BOOK (JOURNAL).pdf,78,23.33,False,False,HYBRID_OPTIONAL,3094,39.7,STD-11th/PRACTICAL JOURNAL/BIOLOGY PRACITAL REORD BOOK (JOURNAL).pdf
gseb_std11_chemistry_practical_recored_book_journal_pdf_em,STD-11th,Science & Technology,PRACTICAL/JOURNAL,LOW,CHEMISTRY PRACTICAL RECORED BOOK (JOURNAL).pdf,110,28.54,False,False,HYBRID_OPTIONAL,4246,38.6,STD-11th/PRACTICAL JOURNAL/CHEMISTRY PRACTICAL RECORED BOOK (JOURNAL).pdf
gseb_std11_physics_practical_record_book_journal_pdf_em,STD-11th,Science & Technology,PRACTICAL/JOURNAL,LOW,PHYSICS PRACTICAL RECORD BOOK (JOURNAL).pdf,94,21.21,True,False,HYBRID_OPTIONAL,6749,71.8,STD-11th/PRACTICAL JOURNAL/PHYSICS PRACTICAL RECORD BOOK (JOURNAL).pdf
gseb_std11_11_chemistry_lab_manual_engm_pdf_em,STD-11th,Science & Technology,PRACTICAL/JOURNAL,LOW,Std-11_Chemistry Lab Manual_EngM.pdf,174,70.58,False,False,HYBRID_OPTIONAL,4036,23.2,STD-11th/PRACTICAL JOURNAL/Std-11_Chemistry Lab Manual_EngM.pdf
gseb_std11_11_laboratory_manual_biology_englishm_pdf_em,STD-11th,Science & Technology,PRACTICAL/JOURNAL,LOW,Std-11_Laboratory Manual Biology_EnglishM.pdf,102,41.16,False,False,HYBRID_OPTIONAL,1815,17.8,STD-11th/PRACTICAL JOURNAL/Std-11_Laboratory Manual Biology_EnglishM.pdf
gseb_std11_11_physics_laboratory_manual_englishm_pdf_em,STD-11th,Science & Technology,PRACTICAL/JOURNAL,LOW,Std-11_Physics Laboratory Manual_EnglishM.pdf,286,80.2,False,True,REQUIRED,2078,7.3,STD-11th/PRACTICAL JOURNAL/Std-11_Physics Laboratory Manual_EnglishM.pdf
gseb_std11_11_bilology_englishmedium_pdf_em,STD-11th,English Literature & Language,CORE_TEXTBOOK,HIGH,Std-11_Bilology_EnglishMedium.pdf,266,38.19,True,False,HYBRID_OPTIONAL,377436,1418.9,STD-11th/SCIENCE/Std-11_Bilology_EnglishMedium.pdf
gseb_std11_11_chemistry_part_1_english_medium_pdf_em,STD-11th,Science & Technology,CORE_TEXTBOOK,HIGH,Std-11_Chemistry Part-1_English Medium.pdf,254,12.26,True,False,NONE,421961,1661.3,STD-11th/SCIENCE/Std-11_Chemistry Part-1_English Medium.pdf
gseb_std11_11_chemistry_part_2_english_medium_pdf_em,STD-11th,Science & Technology,CORE_TEXTBOOK,HIGH,Std-11_Chemistry Part-2_English Medium.pdf,110,4.01,True,False,NONE,154425,1403.9,STD-11th/SCIENCE/Std-11_Chemistry Part-2_English Medium.pdf
gseb_std11_11_maths_englishmedium_pdf_em,STD-11th,Mathematics,CORE_TEXTBOOK,HIGH,Std-11_Maths_EnglishMedium.pdf,376,43.18,True,False,NONE,1372374,3649.9,STD-11th/SCIENCE/Std-11_Maths_EnglishMedium.pdf
gseb_std11_11_physics_part_1_english_medium_pdf_em,STD-11th,Science & Technology,CORE_TEXTBOOK,HIGH,Std-11_Physics Part 1_English Medium.pdf,186,9.53,True,False,NONE,372682,2003.7,STD-11th/SCIENCE/Std-11_Physics Part 1_English Medium.pdf
gseb_std11_11_physics_part_2_english_medium_pdf_em,STD-11th,Science & Technology,CORE_TEXTBOOK,HIGH,Std-11_Physics Part 2_English Medium.pdf,164,4.35,True,False,NONE,338988,2067.0,STD-11th/SCIENCE/Std-11_Physics Part 2_English Medium.pdf
gseb_std11_11_economics_selflearningbook_englishmedium_pdf_em,STD-11th,Commerce & Economics,SELF_LEARNING,MEDIUM,Std-11_Economics_SelfLearningBook _EnglishMedium.pdf,188,42.01,False,False,HYBRID_OPTIONAL,3008,16.0,STD-11th/SELF LEARNING BOOKs/Std-11_Economics_SelfLearningBook _EnglishMedium.pdf
gseb_std11_11_flamingo_supplementry_reader_pdf_em,STD-11th,English Literature & Language,SUPPLEMENTARY_TEXTBOOK,MEDIUM,Std-11 Flamingo_Supplementry_Reader.pdf,110,40.28,False,True,REQUIRED,946,8.6,STD-11th/Std-11 Flamingo_Supplementry_Reader.pdf
gseb_std11_11_statistics_english_medium_pdf_em,STD-11th,Commerce & Economics,CORE_TEXTBOOK,HIGH,Std-11 Statistics_English Medium.pdf,320,28.67,False,True,REQUIRED,0,0.0,STD-11th/Std-11 Statistics_English Medium.pdf
gseb_std11_11_geography_eng_m_pdf_em,STD-11th,Social Science & Humanities,CORE_TEXTBOOK,HIGH,Std-11-Geography_Eng_M.pdf,146,64.02,False,True,REQUIRED,632,4.3,STD-11th/Std-11-Geography_Eng_M.pdf
gseb_std11_11_psaychology_englishmedium_pdf_em,STD-11th,English Literature & Language,CORE_TEXTBOOK,HIGH,Std-11-Psaychology EnglishMedium.pdf,130,65.29,False,False,HYBRID_OPTIONAL,2270,17.5,STD-11th/Std-11-Psaychology EnglishMedium.pdf
gseb_std11_11_commercial_organization_and_management_eng_m_pdf_em,STD-11th,Commerce & Economics,UNKNOWN,LOW,Std-11_Commercial Organization and Management_Eng_M.pdf,138,33.21,False,False,HYBRID_OPTIONAL,3965,28.7,STD-11th/Std-11_Commercial Organization and Management_Eng_M.pdf
gseb_std11_11_computer_studies_englishmedium_pdf_em,STD-11th,Computer Studies,CORE_TEXTBOOK,HIGH,STD-11_COMPUTER_STUDIES_EnglishMedium.pdf,188,92.11,False,True,REQUIRED,0,0.0,STD-11th/STD-11_COMPUTER_STUDIES_EnglishMedium.pdf
gseb_std11_11_elements_of_book_keeping_and_accountancy_part_1_eng_m_pdf_em,STD-11th,Commerce & Economics,CORE_TEXTBOOK,HIGH,Std-11_Elements of Book Keeping and Accountancy Part-1_Eng_M.pdf,314,85.38,False,False,HYBRID_OPTIONAL,7850,25.0,STD-11th/Std-11_Elements of Book Keeping and Accountancy Part-1_Eng_M.pdf
gseb_std11_11_elements_of_book_keeping_and_accountancy_part_2_eng_m_pdf_em,STD-11th,Commerce & Economics,CORE_TEXTBOOK,HIGH,Std-11_Elements of Book Keeping and Accountancy Part-2_Eng_M.pdf,330,107.09,False,False,HYBRID_OPTIONAL,8272,25.1,STD-11th/Std-11_Elements of Book Keeping and Accountancy Part-2_Eng_M.pdf
gseb_std11_11_history_english_medium_pdf_em,STD-11th,Social Science & Humanities,CORE_TEXTBOOK,HIGH,STD-11_HISTORY_English Medium.pdf,154,76.38,True,False,HYBRID_OPTIONAL,8192,53.2,STD-11th/STD-11_HISTORY_English Medium.pdf
gseb_std11_11_hornbill_englishmedium_pdf_em,STD-11th,English Literature & Language,CORE_TEXTBOOK,HIGH,Std-11_Hornbill_EnglishMedium.pdf,118,3.35,True,False,NONE,156704,1328.0,STD-11th/Std-11_Hornbill_EnglishMedium.pdf
gseb_std11_11_maths_englishmedium_pdf_em,STD-11th,Mathematics,CORE_TEXTBOOK,HIGH,Std-11_Maths_EnglishMedium.pdf,376,43.18,True,False,NONE,1372374,3649.9,STD-11th/Std-11_Maths_EnglishMedium.pdf
gseb_std11_11_shrimadbhagwatgita_englishm_pdf_em,STD-11th,English Literature & Language,REFERENCE/OTHER,LOW,Std-11_ShrimadBhagwatGita_EnglishM.pdf,16,9.11,False,True,REQUIRED,0,0.0,STD-11th/Std-11_ShrimadBhagwatGita_EnglishM.pdf
gseb_std11_11_sociology_english_medium_pdf_em,STD-11th,English Literature & Language,CORE_TEXTBOOK,HIGH,Std-11_Sociology English Medium.pdf,82,35.73,False,True,REQUIRED,0,0.0,STD-11th/Std-11_Sociology English Medium.pdf
gseb_std11_11_yog_health_englishmedium_pdf_em,STD-11th,English Literature & Language,REFERENCE/OTHER,LOW,Std-11_Yog Health EnglishMedium.pdf,138,88.33,False,True,REQUIRED,9,0.1,STD-11th/Std-11_Yog Health EnglishMedium.pdf
gseb_std11_11_commercial_correspondance_and_secretarial_practice_eng_m_pdf_em,STD-11th,Commerce & Economics,UNKNOWN,LOW,Std_11_Commercial Correspondance and Secretarial Practice_Eng_M.pdf,144,15.65,False,True,REQUIRED,0,0.0,STD-11th/Std_11_Commercial Correspondance and Secretarial Practice_Eng_M.pdf
gseb_std11_11_economics_english_medium_pdf_em,STD-11th,Commerce & Economics,CORE_TEXTBOOK,HIGH,Std_11_Economics_English_Medium.pdf,150,58.95,False,True,REQUIRED,800,5.3,STD-11th/Std_11_Economics_English_Medium.pdf
gseb_std11_11_political_science_english_medium_pdf_em,STD-11th,Science & Technology,CORE_TEXTBOOK,HIGH,Std_11_Political Science_English Medium.pdf,96,12.85,False,True,REQUIRED,0,0.0,STD-11th/Std_11_Political Science_English Medium.pdf
gseb_std11_11_sanskrit_eng_m_pdf_em,STD-11th,Sanskrit Literature,CORE_TEXTBOOK,HIGH,Std_11_Sanskrit_Eng_M.pdf,115,21.2,False,True,REQUIRED,283,2.5,STD-11th/Std_11_Sanskrit_Eng_M.pdf
gseb_std12_12_chemistry_journal_pdf_em,STD-12th,Science & Technology,PRACTICAL/JOURNAL,LOW,12_CHEMISTRY-JOURNAL.pdf,124,36.58,True,False,HYBRID_OPTIONAL,8324,67.1,STD-12th/PRACTICAL JOURNAL/12_CHEMISTRY-JOURNAL.pdf
gseb_std12_12_physics_journal_pdf_em,STD-12th,Science & Technology,PRACTICAL/JOURNAL,LOW,12_PHYSICS-JOURNAL.pdf,100,20.28,False,False,HYBRID_OPTIONAL,2760,27.6,STD-12th/PRACTICAL JOURNAL/12_PHYSICS-JOURNAL.pdf
gseb_std12_12_biology_lab_manual_englishm_pdf_em,STD-12th,Science & Technology,PRACTICAL/JOURNAL,LOW,Std-12_Biology Lab Manual_EnglishM.pdf,100,46.09,False,True,REQUIRED,413,4.1,STD-12th/PRACTICAL JOURNAL/Std-12_Biology Lab Manual_EnglishM.pdf
gseb_std12_12_chemistry_part_2_englishmedium_pdf_em,STD-12th,Science & Technology,CORE_TEXTBOOK,HIGH,Std-12 Chemistry Part-2_EnglishMedium.pdf,164,10.95,True,False,NONE,140865,858.9,STD-12th/SCIENCE/Std-12 Chemistry Part-2_EnglishMedium.pdf
gseb_std12_12_biology_englishmedium_pdf_em,STD-12th,Science & Technology,CORE_TEXTBOOK,HIGH,Std-12_Biology_EnglishMedium.pdf,240,176.77,True,False,NONE,393008,1637.5,STD-12th/SCIENCE/Std-12_Biology_EnglishMedium.pdf
gseb_std12_12_chemistry_part_1_englishmedium_pdf_em,STD-12th,Science & Technology,CORE_TEXTBOOK,HIGH,Std-12_Chemistry Part-1_EnglishMedium.pdf,172,13.59,True,False,NONE,296986,1726.7,STD-12th/SCIENCE/Std-12_Chemistry Part-1_EnglishMedium.pdf
gseb_std12_12_maths_part1_englishmedium_pdf_em,STD-12th,Mathematics,CORE_TEXTBOOK,HIGH,Std-12_Maths-Part1_EnglishMedium.pdf,236,2.61,True,False,NONE,1220670,5172.3,STD-12th/SCIENCE/Std-12_Maths-Part1_EnglishMedium.pdf
gseb_std12_12_maths_part2_englishmedium_pdf_em,STD-12th,Mathematics,CORE_TEXTBOOK,HIGH,Std-12_Maths-Part2_EnglishMedium.pdf,248,3.08,True,False,NONE,1112891,4487.5,STD-12th/SCIENCE/Std-12_Maths-Part2_EnglishMedium.pdf
gseb_std12_12_physics_part_1_english_medium_pdf_em,STD-12th,Science & Technology,CORE_TEXTBOOK,HIGH,Std-12_Physics Part-1_English Medium.pdf,235,7.09,True,False,NONE,496946,2114.7,STD-12th/SCIENCE/Std-12_Physics Part-1_English Medium.pdf
gseb_std12_12_physics_part_2_english_medium_pdf_em,STD-12th,Science & Technology,CORE_TEXTBOOK,HIGH,Std-12_Physics Part-2_English Medium.pdf,152,6.53,True,False,NONE,1097916,7223.1,STD-12th/SCIENCE/Std-12_Physics Part-2_English Medium.pdf
gseb_std12_12_economics_selflearningbook_englishmedium_pdf_em,STD-12th,Commerce & Economics,SELF_LEARNING,MEDIUM,Std-12_Economics_SelfLearningBook _EnglishMedium.pdf,216,47.74,False,False,HYBRID_OPTIONAL,3672,17.0,STD-12th/SELF LEARNING BOOKs/Std-12_Economics_SelfLearningBook _EnglishMedium.pdf
gseb_std12_12_commercial_cooresponda_secretarial_practice_e_m_pdf_em,STD-12th,Commerce & Economics,UNKNOWN,LOW,Std-12 Commercial Cooresponda...Secretarial Practice E.M..pdf,168,21.99,False,True,REQUIRED,0,0.0,STD-12th/Std-12 Commercial Cooresponda...Secretarial Practice E.M..pdf
gseb_std12_12_commercial_organization_and_management_e_m_pdf_em,STD-12th,Commerce & Economics,UNKNOWN,LOW,Std-12 Commercial Organization and Management E.M..pdf,160,23.0,False,True,REQUIRED,0,0.0,STD-12th/Std-12 Commercial Organization and Management E.M..pdf
gseb_std12_12_elements_of_accounts_part_1_e_m_pdf_em,STD-12th,Commerce & Economics,CORE_TEXTBOOK,HIGH,Std-12 Elements of Accounts Part-1 E.M..pdf,336,29.78,False,True,REQUIRED,0,0.0,STD-12th/Std-12 Elements of Accounts Part-1 E.M..pdf
gseb_std12_12_elements_of_accounts_part_2_e_m_pdf_em,STD-12th,Commerce & Economics,CORE_TEXTBOOK,HIGH,Std-12 Elements of Accounts Part-2 E.M..pdf,304,28.02,False,True,REQUIRED,0,0.0,STD-12th/Std-12 Elements of Accounts Part-2 E.M..pdf
gseb_std12_12_geography_e_m_pdf_em,STD-12th,Social Science & Humanities,CORE_TEXTBOOK,HIGH,Std-12 Geography E.M.pdf,121,22.53,False,True,REQUIRED,0,0.0,STD-12th/Std-12 Geography E.M.pdf
gseb_std12_12_lapwing_supplementry_reader_pdf_em,STD-12th,General / Elective,SUPPLEMENTARY_TEXTBOOK,MEDIUM,Std-12 Lapwing__Supplementry_Reader.pdf,101,37.35,False,True,REQUIRED,20,0.2,STD-12th/Std-12 Lapwing__Supplementry_Reader.pdf
gseb_std12_12_psychology_e_m_pdf_em,STD-12th,General / Elective,CORE_TEXTBOOK,HIGH,Std-12 Psychology E.M.pdf,144,20.25,False,True,REQUIRED,0,0.0,STD-12th/Std-12 Psychology E.M.pdf
gseb_std12_12_sanskrit_e_m_pdf_em,STD-12th,Sanskrit Literature,CORE_TEXTBOOK,HIGH,Std-12 Sanskrit E.M.pdf,120,13.71,False,True,REQUIRED,0,0.0,STD-12th/Std-12 Sanskrit E.M.pdf
gseb_std12_12_sociology_e_m_pdf_em,STD-12th,General / Elective,CORE_TEXTBOOK,HIGH,Std-12 Sociology E.M.pdf,118,82.51,False,True,REQUIRED,220,1.9,STD-12th/Std-12 Sociology E.M.pdf
gseb_std12_12_sociology_english_medium_pdf_em,STD-12th,English Literature & Language,CORE_TEXTBOOK,HIGH,Std-12 Sociology English Medium.pdf,116,17.89,False,True,REQUIRED,0,0.0,STD-12th/Std-12 Sociology English Medium.pdf
gseb_std12_12_statistics_part_1_e_m_pdf_em,STD-12th,Commerce & Economics,CORE_TEXTBOOK,HIGH,Std-12 Statistics Part-1 E.M.pdf,200,15.77,False,True,REQUIRED,0,0.0,STD-12th/Std-12 Statistics Part-1 E.M.pdf
gseb_std12_12_statistics_part_2_e_m_pdf_em,STD-12th,Commerce & Economics,CORE_TEXTBOOK,HIGH,Std-12 Statistics Part-2 E.M.pdf,216,16.73,False,True,REQUIRED,0,0.0,STD-12th/Std-12 Statistics Part-2 E.M.pdf
gseb_std12_12_yoga_health_and_physical_education_e_m_pdf_em,STD-12th,General / Elective,REFERENCE/OTHER,LOW,Std-12 Yoga Health and Physical Education E.M.pdf,112,20.33,False,True,REQUIRED,0,0.0,STD-12th/Std-12 Yoga Health and Physical Education E.M.pdf
gseb_std12_12_computer_studies_eng_pdf_em,STD-12th,Computer Studies,CORE_TEXTBOOK,HIGH,STD-12_COMPUTER_STUDIES_ENG.pdf,288,144.27,False,True,REQUIRED,0,0.0,STD-12th/STD-12_COMPUTER_STUDIES_ENG.pdf
gseb_std12_12_economics_english_medium_pdf_em,STD-12th,Commerce & Economics,CORE_TEXTBOOK,HIGH,Std-12_Economics_English Medium.pdf,162,98.11,False,False,HYBRID_OPTIONAL,2289,14.1,STD-12th/Std-12_Economics_English Medium.pdf
gseb_std12_12_history_english_medium_pdf_em,STD-12th,Social Science & Humanities,CORE_TEXTBOOK,HIGH,STD-12_HISTORY_English Medium.pdf,154,79.02,False,False,HYBRID_OPTIONAL,2433,15.8,STD-12th/STD-12_HISTORY_English Medium.pdf
gseb_std12_12_kaleidoscope_englishmedium_pdf_em,STD-12th,English Literature & Language,CORE_TEXTBOOK,HIGH,Std-12_Kaleidoscope_EnglishMedium.pdf,248,13.09,True,False,NONE,295103,1189.9,STD-12th/Std-12_Kaleidoscope_EnglishMedium.pdf
gseb_std12_12_lapwimg_english_medium_pdf_em,STD-12th,English Literature & Language,CORE_TEXTBOOK,HIGH,Std-12_Lapwimg English Medium.pdf,100,940.82,False,True,REQUIRED,0,0.0,STD-12th/Std-12_Lapwimg English Medium.pdf
gseb_std12_12_psaychology_english_medium_pdf_em,STD-12th,English Literature & Language,CORE_TEXTBOOK,HIGH,Std-12_psaychology English Medium.pdf,144,23.85,False,True,REQUIRED,0,0.0,STD-12th/Std-12_psaychology English Medium.pdf
gseb_std12_12_shrimadbhagwatgita_englishm_pdf_em,STD-12th,English Literature & Language,REFERENCE/OTHER,LOW,Std-12_ShrimadBhagwatGita_EnglishM.pdf,16,8.51,False,True,REQUIRED,0,0.0,STD-12th/Std-12_ShrimadBhagwatGita_EnglishM.pdf
gseb_std12_12_vistas_english_suppl_reader_core_pdf_em,STD-12th,English Literature & Language,SUPPLEMENTARY_TEXTBOOK,MEDIUM,Std-12_Vistas-English Suppl Reader Core.pdf,74,9.95,True,False,NONE,109998,1486.5,STD-12th/Std-12_Vistas-English Suppl Reader Core.pdf
gseb_std9_09_shrimadbhagwatgita_englishm_pdf_em,STD-9th,English Literature & Language,REFERENCE/OTHER,LOW,Std-09_ShrimadBhagwatGita_EnglishM.pdf,16,10.21,False,True,REQUIRED,0,0.0,STD-9th/Std-09_ShrimadBhagwatGita_EnglishM.pdf
gseb_std9_9_beehive_textbook_in_english_pdf_em,STD-9th,English Literature & Language,CORE_TEXTBOOK,HIGH,Std-9 Beehive Textbook In English.pdf,122,9.11,True,False,NONE,159746,1309.4,STD-9th/Std-9 Beehive Textbook In English.pdf
gseb_std9_9_computer_studies_englishmedium_pdf_em,STD-9th,Computer Studies,CORE_TEXTBOOK,HIGH,Std-9 Computer Studies EnglishMedium.pdf,194,106.07,False,True,REQUIRED,0,0.0,STD-9th/Std-9 Computer Studies EnglishMedium.pdf
gseb_std9_9_sanskrit_e_m_pdf_em,STD-9th,Sanskrit Literature,CORE_TEXTBOOK,HIGH,Std-9 Sanskrit E.M.pdf,122,24.7,False,True,REQUIRED,0,0.0,STD-9th/Std-9 Sanskrit E.M.pdf
gseb_std9_9_social_science_englishmedium_pdf_em,STD-9th,Science & Technology,CORE_TEXTBOOK,HIGH,Std-9 Social_Science_EnglishMedium.pdf,174,84.22,False,False,HYBRID_OPTIONAL,5950,34.2,STD-9th/Std-9 Social_Science_EnglishMedium.pdf
gseb_std9_9_yoga_health_and_physical_education_em_pdf_em,STD-9th,General / Elective,REFERENCE/OTHER,LOW,Std-9 Yoga Health and Physical Education EM.pdf,130,28.98,False,True,REQUIRED,814,6.3,STD-9th/Std-9 Yoga Health and Physical Education EM.pdf
gseb_std9_9_dolhin_supplementry_reader_pdf_em,STD-9th,General / Elective,SUPPLEMENTARY_TEXTBOOK,MEDIUM,Std-9_Dolhin_Supplementry_Reader.pdf,118,24.18,False,True,REQUIRED,0,0.0,STD-9th/Std-9_Dolhin_Supplementry_Reader.pdf
gseb_std9_9_farsi_parshian_englishmedium_pdf_em,STD-9th,English Literature & Language,REFERENCE/OTHER,LOW,Std-9_Farsi Parshian_EnglishMedium.pdf,100,29.72,False,True,REQUIRED,340,3.4,STD-9th/Std-9_Farsi Parshian_EnglishMedium.pdf
gseb_std9_9_maths_english_medium_pdf_em,STD-9th,Mathematics,CORE_TEXTBOOK,HIGH,Std-9_Maths_English Medium.pdf,234,75.14,False,True,REQUIRED,2106,9.0,STD-9th/Std-9_Maths_English Medium.pdf
gseb_std9_9_moments_english_suppl_reader_course_b_pdf_em,STD-9th,English Literature & Language,SUPPLEMENTARY_TEXTBOOK,MEDIUM,Std-9_Moments English Suppl Reader Course-B.pdf,73,5.68,True,False,HYBRID_OPTIONAL,64035,877.2,STD-9th/Std-9_Moments English Suppl Reader Course-B.pdf
gseb_std9_9_science_english_medium_pdf_em,STD-9th,Science & Technology,CORE_TEXTBOOK,HIGH,Std-9_Science_English Medium.pdf,167,28.16,True,False,NONE,202025,1209.7,STD-9th/Std-9_Science_English Medium.pdf
